section_count_ratio,section_count_ratio_str,max_angle,max_section,average_section,square,time,condition
0.2925170068027211,43 / 147,355.2363583092738,233.0772404161333,43.30598895760168,106.02541392454243,2217.1823,0
