section_count_before,section_count_after,angle_max,section_max_value,section_average_value,section_median_value,square,time,time_median,time_average,condition
3,3,11.888658039627968,10.816653826391969,9.081279230051118,10.770329614269007,1.5598408406872357,287.2184,45.0027,95.73946666666666,1
6,2,12.44186425613839,49.09175083453431,28.185930361907413,28.185930361907413,1.241489854124097,462.2050999999999,231.10254999999995,231.10254999999995,1
87,18,176.34777721969363,709.8520972709738,101.20905896670612,30.85496013218244,247.77009042226632,2002.0375999999999,35.02265000000011,111.2243111111111,1
122,29,171.36324220513566,456.4263357870578,63.39513543866556,15.811388300841896,75.44438236500483,3024.8174,48.001000000000204,104.30404827586207,1
19,8,115.58523900322957,155.97435686676192,30.578864387597392,11.015950031863014,8.11465848571101,557.1664000000001,47.08084999999983,69.64580000000001,1
74,14,148.75519788400598,165.93974810153233,69.97191403542,52.47241557988538,40.916148734994636,3334.3804,58.0009,238.17002857142856,1
74,19,78.69006752597979,435.57088975274735,56.95434884506603,23.08679276123039,170.00815861415109,1931.9488000000001,37.999400000000605,101.68151578947369,1
50,5,25.641005824305285,910.8501523302283,214.43420111795172,55.46169849544819,21.09120735122742,593.7883999999995,109.60219999999936,118.7576799999999,1
50,12,41.28471089457124,303.349633261687,66.7792434779516,32.56598885769664,9.87628910027217,1731.7267999999985,78.60624999999982,144.31056666666655,1
